station_id,success,error_message,timestamp
2001,TRUE,NA,2026-09-28T12:56:13Z
2002,TRUE,NA,2026-09-28T12:56:13Z
3002,TRUE,NA,2026-09-28T12:56:13Z
3003,TRUE,NA,2026-09-28T12:56:13Z
3004,TRUE,NA,2026-09-28T12:56:13Z
4005,TRUE,NA,2026-09-28T12:56:13Z
4006,TRUE,NA,2026-09-28T12:56:13Z
6007,TRUE,NA,2026-09-28T12:56:13Z
6012,TRUE,NA,2026-09-28T12:56:13Z
7001,TRUE,NA,2026-09-28T12:56:13Z
7002,TRUE,NA,2026-09-28T12:56:13Z
7003,TRUE,NA,2026-09-28T12:56:13Z
7004,TRUE,NA,2026-09-28T12:56:13Z
7005,TRUE,NA,2026-09-28T12:56:13Z
7009,TRUE,NA,2026-09-28T12:56:13Z
7010,TRUE,NA,2026-09-28T12:56:13Z
7011,TRUE,NA,2026-09-28T12:56:13Z
7012,TRUE,NA,2026-09-28T12:56:13Z
8004,TRUE,NA,2026-09-28T12:56:13Z
8005,TRUE,NA,2026-09-28T12:56:13Z
8006,TRUE,NA,2026-09-28T12:56:13Z
8009,TRUE,NA,2026-09-28T12:56:13Z
8010,TRUE,NA,2026-09-28T12:56:13Z
8011,TRUE,NA,2026-09-28T12:56:13Z
8013,TRUE,NA,2026-09-28T12:56:13Z
9001,TRUE,NA,2026-09-28T12:56:13Z
9003,TRUE,NA,2026-09-28T12:56:13Z
9004,TRUE,NA,2026-09-28T12:56:13Z
9005,TRUE,NA,2026-09-28T12:56:13Z
9006,TRUE,NA,2026-09-28T12:56:13Z
9010,TRUE,NA,2026-09-28T12:56:13Z
10001,TRUE,NA,2026-09-28T12:56:13Z
10002,TRUE,NA,2026-09-28T12:56:13Z
10003,TRUE,NA,2026-09-28T12:56:13Z
11001,TRUE,NA,2026-09-28T12:56:13Z
11002,TRUE,NA,2026-09-28T12:56:13Z
11003,TRUE,NA,2026-09-28T12:56:13Z
12001,TRUE,NA,2026-09-28T12:56:13Z
12002,TRUE,NA,2026-09-28T12:56:13Z
12003,TRUE,NA,2026-09-28T12:56:13Z
12005,TRUE,NA,2026-09-28T12:56:13Z
12006,TRUE,NA,2026-09-28T12:56:13Z
12007,TRUE,NA,2026-09-28T12:56:13Z
12008,TRUE,NA,2026-09-28T12:56:13Z
13012,TRUE,NA,2026-09-28T12:56:13Z
14001,TRUE,NA,2026-09-28T12:56:13Z
15003,TRUE,NA,2026-09-28T12:56:13Z
15006,TRUE,NA,2026-09-28T12:56:13Z
15007,TRUE,NA,2026-09-28T12:56:13Z
15008,TRUE,NA,2026-09-28T12:56:13Z
15011,TRUE,NA,2026-09-28T12:56:13Z
15013,TRUE,NA,2026-09-28T12:56:13Z
15016,TRUE,NA,2026-09-28T12:56:13Z
15023,TRUE,NA,2026-09-28T12:56:13Z
15025,TRUE,NA,2026-09-28T12:56:13Z
16001,TRUE,NA,2026-09-28T12:56:13Z
16004,TRUE,NA,2026-09-28T12:56:13Z
17001,TRUE,NA,2026-09-28T12:56:13Z
17003,TRUE,NA,2026-09-28T12:56:13Z
17004,TRUE,NA,2026-09-28T12:56:13Z
18003,TRUE,NA,2026-09-28T12:56:13Z
18008,TRUE,NA,2026-09-28T12:56:13Z
18014,TRUE,NA,2026-09-28T12:56:13Z
19001,TRUE,NA,2026-09-28T12:56:13Z
19005,TRUE,NA,2026-09-28T12:56:13Z
19006,TRUE,NA,2026-09-28T12:56:13Z
19007,TRUE,NA,2026-09-28T12:56:13Z
19008,TRUE,NA,2026-09-28T12:56:13Z
19014,TRUE,NA,2026-09-28T12:56:13Z
19017,TRUE,NA,2026-09-28T12:56:13Z
19021,TRUE,NA,2026-09-28T12:56:13Z
20001,TRUE,NA,2026-09-28T12:56:13Z
20003,TRUE,NA,2026-09-28T12:56:13Z
20005,TRUE,NA,2026-09-28T12:56:13Z
20006,TRUE,NA,2026-09-28T12:56:13Z
20007,TRUE,NA,2026-09-28T12:56:13Z
21003,TRUE,NA,2026-09-28T12:56:13Z
21006,TRUE,NA,2026-09-28T12:56:13Z
21007,TRUE,NA,2026-09-28T12:56:13Z
21008,TRUE,NA,2026-09-28T12:56:13Z
21012,TRUE,NA,2026-09-28T12:56:13Z
21013,TRUE,NA,2026-09-28T12:56:13Z
21014,TRUE,NA,2026-09-28T12:56:13Z
21016,TRUE,NA,2026-09-28T12:56:13Z
21017,TRUE,NA,2026-09-28T12:56:13Z
21020,TRUE,NA,2026-09-28T12:56:13Z
21021,TRUE,NA,2026-09-28T12:56:13Z
21024,TRUE,NA,2026-09-28T12:56:13Z
21025,TRUE,NA,2026-09-28T12:56:13Z
21026,TRUE,NA,2026-09-28T12:56:13Z
21027,TRUE,NA,2026-09-28T12:56:13Z
21030,TRUE,NA,2026-09-28T12:56:13Z
21031,TRUE,NA,2026-09-28T12:56:13Z
21032,TRUE,NA,2026-09-28T12:56:13Z
21035,TRUE,NA,2026-09-28T12:56:13Z
21036,TRUE,NA,2026-09-28T12:56:13Z
22001,TRUE,NA,2026-09-28T12:56:13Z
22006,TRUE,NA,2026-09-28T12:56:13Z
22007,TRUE,NA,2026-09-28T12:56:13Z
22009,TRUE,NA,2026-09-28T12:56:13Z
23001,TRUE,NA,2026-09-28T12:56:13Z
23002,TRUE,NA,2026-09-28T12:56:13Z
23003,TRUE,NA,2026-09-28T12:56:13Z
23004,TRUE,NA,2026-09-28T12:56:13Z
23005,TRUE,NA,2026-09-28T12:56:13Z
23006,TRUE,NA,2026-09-28T12:56:13Z
23007,TRUE,NA,2026-09-28T12:56:13Z
23008,TRUE,NA,2026-09-28T12:56:13Z
23011,TRUE,NA,2026-09-28T12:56:13Z
23017,TRUE,NA,2026-09-28T12:56:13Z
23018,TRUE,NA,2026-09-28T12:56:13Z
24001,TRUE,NA,2026-09-28T12:56:13Z
24003,TRUE,NA,2026-09-28T12:56:13Z
24004,TRUE,NA,2026-09-28T12:56:13Z
24005,TRUE,NA,2026-09-28T12:56:13Z
24006,TRUE,NA,2026-09-28T12:56:13Z
24007,TRUE,NA,2026-09-28T12:56:13Z
24008,TRUE,NA,2026-09-28T12:56:13Z
24009,TRUE,NA,2026-09-28T12:56:13Z
25003,TRUE,NA,2026-09-28T12:56:13Z
25004,TRUE,NA,2026-09-28T12:56:13Z
25005,TRUE,NA,2026-09-28T12:56:13Z
25006,TRUE,NA,2026-09-28T12:56:13Z
25008,TRUE,NA,2026-09-28T12:56:13Z
25009,TRUE,NA,2026-09-28T12:56:13Z
25011,TRUE,NA,2026-09-28T12:56:13Z
25012,TRUE,NA,2026-09-28T12:56:13Z
25018,TRUE,NA,2026-09-28T12:56:13Z
25019,TRUE,NA,2026-09-28T12:56:13Z
25020,TRUE,NA,2026-09-28T12:56:13Z
25021,TRUE,NA,2026-09-28T12:56:13Z
25029,TRUE,NA,2026-09-28T12:56:13Z
26003,TRUE,NA,2026-09-28T12:56:13Z
26009,TRUE,NA,2026-09-28T12:56:13Z
26013,TRUE,NA,2026-09-28T12:56:13Z
26014,TRUE,NA,2026-09-28T12:56:13Z
26015,TRUE,NA,2026-09-28T12:56:13Z
26016,TRUE,NA,2026-09-28T12:56:13Z
27001,TRUE,NA,2026-09-28T12:56:13Z
27002,TRUE,NA,2026-09-28T12:56:13Z
27006,TRUE,NA,2026-09-28T12:56:13Z
27007,TRUE,NA,2026-09-28T12:56:13Z
27009,TRUE,NA,2026-09-28T12:56:13Z
27010,TRUE,NA,2026-09-28T12:56:13Z
27021,TRUE,NA,2026-09-28T12:56:13Z
27022,TRUE,NA,2026-09-28T12:56:13Z
27023,TRUE,NA,2026-09-28T12:56:13Z
27026,TRUE,NA,2026-09-28T12:56:13Z
27027,TRUE,NA,2026-09-28T12:56:13Z
27028,TRUE,NA,2026-09-28T12:56:13Z
27029,TRUE,NA,2026-09-28T12:56:13Z
27031,TRUE,NA,2026-09-28T12:56:13Z
27032,TRUE,NA,2026-09-28T12:56:13Z
27034,TRUE,NA,2026-09-28T12:56:13Z
27035,TRUE,NA,2026-09-28T12:56:13Z
27040,TRUE,NA,2026-09-28T12:56:13Z
27041,TRUE,NA,2026-09-28T12:56:13Z
27043,TRUE,NA,2026-09-28T12:56:13Z
27049,TRUE,NA,2026-09-28T12:56:13Z
27051,TRUE,NA,2026-09-28T12:56:13Z
27053,TRUE,NA,2026-09-28T12:56:13Z
27055,TRUE,NA,2026-09-28T12:56:13Z
27059,TRUE,NA,2026-09-28T12:56:13Z
27062,TRUE,NA,2026-09-28T12:56:13Z
27071,TRUE,NA,2026-09-28T12:56:13Z
27073,TRUE,NA,2026-09-28T12:56:13Z
27079,TRUE,NA,2026-09-28T12:56:13Z
27080,TRUE,NA,2026-09-28T12:56:13Z
27081,TRUE,NA,2026-09-28T12:56:13Z
27083,TRUE,NA,2026-09-28T12:56:13Z
27086,TRUE,NA,2026-09-28T12:56:13Z
27088,TRUE,NA,2026-09-28T12:56:13Z
27089,TRUE,NA,2026-09-28T12:56:13Z
27090,TRUE,NA,2026-09-28T12:56:13Z
27092,TRUE,NA,2026-09-28T12:56:13Z
27095,TRUE,NA,2026-09-28T12:56:13Z
27096,TRUE,NA,2026-09-28T12:56:13Z
27098,TRUE,NA,2026-09-28T12:56:13Z
27099,TRUE,NA,2026-09-28T12:56:13Z
28003,TRUE,NA,2026-09-28T12:56:13Z
28007,TRUE,NA,2026-09-28T12:56:13Z
28009,TRUE,NA,2026-09-28T12:56:13Z
28015,TRUE,NA,2026-09-28T12:56:13Z
28018,TRUE,NA,2026-09-28T12:56:13Z
28019,TRUE,NA,2026-09-28T12:56:13Z
28022,TRUE,NA,2026-09-28T12:56:13Z
28023,TRUE,NA,2026-09-28T12:56:13Z
28024,TRUE,NA,2026-09-28T12:56:13Z
28026,TRUE,NA,2026-09-28T12:56:13Z
28027,TRUE,NA,2026-09-28T12:56:13Z
28033,TRUE,NA,2026-09-28T12:56:13Z
28035,TRUE,NA,2026-09-28T12:56:13Z
28039,TRUE,NA,2026-09-28T12:56:13Z
28040,TRUE,NA,2026-09-28T12:56:13Z
28041,TRUE,NA,2026-09-28T12:56:13Z
28043,TRUE,NA,2026-09-28T12:56:13Z
28049,TRUE,NA,2026-09-28T12:56:13Z
28053,TRUE,NA,2026-09-28T12:56:13Z
28056,TRUE,NA,2026-09-28T12:56:13Z
28058,TRUE,NA,2026-09-28T12:56:13Z
28061,TRUE,NA,2026-09-28T12:56:13Z
28080,TRUE,NA,2026-09-28T12:56:13Z
28082,TRUE,NA,2026-09-28T12:56:13Z
28085,TRUE,NA,2026-09-28T12:56:13Z
28086,TRUE,NA,2026-09-28T12:56:13Z
28091,TRUE,NA,2026-09-28T12:56:13Z
28095,TRUE,NA,2026-09-28T12:56:13Z
30003,TRUE,NA,2026-09-28T12:56:13Z
30004,TRUE,NA,2026-09-28T12:56:13Z
30006,TRUE,NA,2026-09-28T12:56:13Z
30013,TRUE,NA,2026-09-28T12:56:13Z
31004,TRUE,NA,2026-09-28T12:56:13Z
31005,TRUE,NA,2026-09-28T12:56:13Z
32010,TRUE,NA,2026-09-28T12:56:13Z
33005,TRUE,NA,2026-09-28T12:56:13Z
33007,TRUE,NA,2026-09-28T12:56:13Z
33011,TRUE,NA,2026-09-28T12:56:13Z
33014,TRUE,NA,2026-09-28T12:56:13Z
33019,TRUE,NA,2026-09-28T12:56:13Z
33029,TRUE,NA,2026-09-28T12:56:13Z
33031,TRUE,NA,2026-09-28T12:56:13Z
33032,TRUE,NA,2026-09-28T12:56:13Z
33034,TRUE,NA,2026-09-28T12:56:13Z
33050,TRUE,NA,2026-09-28T12:56:13Z
33051,TRUE,NA,2026-09-28T12:56:13Z
33054,TRUE,NA,2026-09-28T12:56:14Z
34005,TRUE,NA,2026-09-28T12:56:14Z
34012,TRUE,NA,2026-09-28T12:56:14Z
35008,TRUE,NA,2026-09-28T12:56:14Z
36003,TRUE,NA,2026-09-28T12:56:14Z
36004,TRUE,NA,2026-09-28T12:56:14Z
36007,TRUE,NA,2026-09-28T12:56:14Z
36008,TRUE,NA,2026-09-28T12:56:14Z
36010,TRUE,NA,2026-09-28T12:56:14Z
36011,TRUE,NA,2026-09-28T12:56:14Z
37005,TRUE,NA,2026-09-28T12:56:14Z
37007,TRUE,NA,2026-09-28T12:56:14Z
37008,TRUE,NA,2026-09-28T12:56:14Z
37009,TRUE,NA,2026-09-28T12:56:14Z
37010,TRUE,NA,2026-09-28T12:56:14Z
37014,TRUE,NA,2026-09-28T12:56:14Z
37016,TRUE,NA,2026-09-28T12:56:14Z
37020,TRUE,NA,2026-09-28T12:56:14Z
38002,TRUE,NA,2026-09-28T12:56:14Z
38003,TRUE,NA,2026-09-28T12:56:14Z
38004,TRUE,NA,2026-09-28T12:56:14Z
38020,TRUE,NA,2026-09-28T12:56:14Z
38022,TRUE,NA,2026-09-28T12:56:14Z
39001,TRUE,NA,2026-09-28T12:56:14Z
39002,TRUE,NA,2026-09-28T12:56:14Z
39005,TRUE,NA,2026-09-28T12:56:14Z
39006,TRUE,NA,2026-09-28T12:56:14Z
39007,TRUE,NA,2026-09-28T12:56:14Z
39014,TRUE,NA,2026-09-28T12:56:14Z
39016,TRUE,NA,2026-09-28T12:56:14Z
39019,TRUE,NA,2026-09-28T12:56:14Z
39020,TRUE,NA,2026-09-28T12:56:14Z
39021,TRUE,NA,2026-09-28T12:56:14Z
39022,TRUE,NA,2026-09-28T12:56:14Z
39023,TRUE,NA,2026-09-28T12:56:14Z
39025,TRUE,NA,2026-09-28T12:56:14Z
39028,TRUE,NA,2026-09-28T12:56:14Z
39033,TRUE,NA,2026-09-28T12:56:14Z
39034,TRUE,NA,2026-09-28T12:56:14Z
39035,TRUE,NA,2026-09-28T12:56:14Z
39042,TRUE,NA,2026-09-28T12:56:14Z
39055,TRUE,NA,2026-09-28T12:56:14Z
39086,TRUE,NA,2026-09-28T12:56:14Z
39088,TRUE,NA,2026-09-28T12:56:14Z
39089,TRUE,NA,2026-09-28T12:56:14Z
39104,TRUE,NA,2026-09-28T12:56:14Z
40003,TRUE,NA,2026-09-28T12:56:14Z
40005,TRUE,NA,2026-09-28T12:56:14Z
40007,TRUE,NA,2026-09-28T12:56:14Z
40008,TRUE,NA,2026-09-28T12:56:14Z
40009,TRUE,NA,2026-09-28T12:56:14Z
40010,TRUE,NA,2026-09-28T12:56:14Z
40011,TRUE,NA,2026-09-28T12:56:14Z
40012,TRUE,NA,2026-09-28T12:56:14Z
40018,TRUE,NA,2026-09-28T12:56:14Z
41005,TRUE,NA,2026-09-28T12:56:14Z
41020,TRUE,NA,2026-09-28T12:56:14Z
41022,TRUE,NA,2026-09-28T12:56:14Z
41023,TRUE,NA,2026-09-28T12:56:14Z
42001,TRUE,NA,2026-09-28T12:56:14Z
42003,TRUE,NA,2026-09-28T12:56:14Z
42006,TRUE,NA,2026-09-28T12:56:14Z
42007,TRUE,NA,2026-09-28T12:56:14Z
42008,TRUE,NA,2026-09-28T12:56:14Z
42009,TRUE,NA,2026-09-28T12:56:14Z
42010,TRUE,NA,2026-09-28T12:56:14Z
42012,TRUE,NA,2026-09-28T12:56:14Z
43003,TRUE,NA,2026-09-28T12:56:14Z
43005,TRUE,NA,2026-09-28T12:56:14Z
43006,TRUE,NA,2026-09-28T12:56:14Z
43007,TRUE,NA,2026-09-28T12:56:14Z
43008,TRUE,NA,2026-09-28T12:56:14Z
43009,TRUE,NA,2026-09-28T12:56:14Z
43012,TRUE,NA,2026-09-28T12:56:14Z
43014,TRUE,NA,2026-09-28T12:56:14Z
43018,TRUE,NA,2026-09-28T12:56:14Z
43029,TRUE,NA,2026-09-28T12:56:14Z
44003,TRUE,NA,2026-09-28T12:56:14Z
44008,TRUE,NA,2026-09-28T12:56:14Z
44011,TRUE,NA,2026-09-28T12:56:14Z
44013,TRUE,NA,2026-09-28T12:56:14Z
45001,TRUE,NA,2026-09-28T12:56:14Z
45002,TRUE,NA,2026-09-28T12:56:14Z
45003,TRUE,NA,2026-09-28T12:56:14Z
45007,TRUE,NA,2026-09-28T12:56:14Z
45008,TRUE,NA,2026-09-28T12:56:14Z
45009,TRUE,NA,2026-09-28T12:56:14Z
45012,TRUE,NA,2026-09-28T12:56:14Z
45816,TRUE,NA,2026-09-28T12:56:14Z
46003,TRUE,NA,2026-09-28T12:56:14Z
46005,TRUE,NA,2026-09-28T12:56:14Z
46006,TRUE,NA,2026-09-28T12:56:14Z
46007,TRUE,NA,2026-09-28T12:56:14Z
46008,TRUE,NA,2026-09-28T12:56:14Z
46013,TRUE,NA,2026-09-28T12:56:14Z
46014,TRUE,NA,2026-09-28T12:56:14Z
47001,TRUE,NA,2026-09-28T12:56:14Z
47004,TRUE,NA,2026-09-28T12:56:14Z
47005,TRUE,NA,2026-09-28T12:56:14Z
47006,TRUE,NA,2026-09-28T12:56:14Z
47008,TRUE,NA,2026-09-28T12:56:14Z
47009,TRUE,NA,2026-09-28T12:56:14Z
47014,TRUE,NA,2026-09-28T12:56:14Z
47020,TRUE,NA,2026-09-28T12:56:14Z
47021,TRUE,NA,2026-09-28T12:56:14Z
47022,TRUE,NA,2026-09-28T12:56:14Z
47023,TRUE,NA,2026-09-28T12:56:14Z
47024,TRUE,NA,2026-09-28T12:56:14Z
48001,TRUE,NA,2026-09-28T12:56:14Z
48003,TRUE,NA,2026-09-28T12:56:14Z
48004,TRUE,NA,2026-09-28T12:56:14Z
48007,TRUE,NA,2026-09-28T12:56:14Z
48009,TRUE,NA,2026-09-28T12:56:14Z
48011,TRUE,NA,2026-09-28T12:56:14Z
48012,TRUE,NA,2026-09-28T12:56:14Z
49001,TRUE,NA,2026-09-28T12:56:14Z
49002,TRUE,NA,2026-09-28T12:56:14Z
49003,TRUE,NA,2026-09-28T12:56:14Z
49004,TRUE,NA,2026-09-28T12:56:14Z
49005,TRUE,NA,2026-09-28T12:56:14Z
50001,TRUE,NA,2026-09-28T12:56:14Z
50002,TRUE,NA,2026-09-28T12:56:14Z
50006,TRUE,NA,2026-09-28T12:56:14Z
51001,TRUE,NA,2026-09-28T12:56:14Z
51003,TRUE,NA,2026-09-28T12:56:14Z
52004,TRUE,NA,2026-09-28T12:56:14Z
52005,TRUE,NA,2026-09-28T12:56:14Z
52009,TRUE,NA,2026-09-28T12:56:14Z
52010,TRUE,NA,2026-09-28T12:56:14Z
53004,TRUE,NA,2026-09-28T12:56:14Z
53006,TRUE,NA,2026-09-28T12:56:14Z
53007,TRUE,NA,2026-09-28T12:56:14Z
53008,TRUE,NA,2026-09-28T12:56:14Z
53009,TRUE,NA,2026-09-28T12:56:14Z
53013,TRUE,NA,2026-09-28T12:56:14Z
53017,TRUE,NA,2026-09-28T12:56:14Z
53018,TRUE,NA,2026-09-28T12:56:14Z
53023,TRUE,NA,2026-09-28T12:56:14Z
53026,TRUE,NA,2026-09-28T12:56:14Z
53028,TRUE,NA,2026-09-28T12:56:14Z
53029,TRUE,NA,2026-09-28T12:56:14Z
54001,TRUE,NA,2026-09-28T12:56:14Z
54002,TRUE,NA,2026-09-28T12:56:14Z
54004,TRUE,NA,2026-09-28T12:56:14Z
54005,TRUE,NA,2026-09-28T12:56:14Z
54008,TRUE,NA,2026-09-28T12:56:14Z
54011,TRUE,NA,2026-09-28T12:56:14Z
54012,TRUE,NA,2026-09-28T12:56:14Z
54014,TRUE,NA,2026-09-28T12:56:14Z
54016,TRUE,NA,2026-09-28T12:56:14Z
54020,TRUE,NA,2026-09-28T12:56:14Z
54022,TRUE,NA,2026-09-28T12:56:14Z
54024,TRUE,NA,2026-09-28T12:56:14Z
54025,TRUE,NA,2026-09-28T12:56:14Z
54027,TRUE,NA,2026-09-28T12:56:14Z
54028,TRUE,NA,2026-09-28T12:56:14Z
54029,TRUE,NA,2026-09-28T12:56:14Z
54036,TRUE,NA,2026-09-28T12:56:14Z
54038,TRUE,NA,2026-09-28T12:56:14Z
54040,TRUE,NA,2026-09-28T12:56:14Z
54041,TRUE,NA,2026-09-28T12:56:14Z
54057,TRUE,NA,2026-09-28T12:56:14Z
54080,TRUE,NA,2026-09-28T12:56:14Z
54114,TRUE,NA,2026-09-28T12:56:14Z
54906,TRUE,NA,2026-09-28T12:56:14Z
55002,TRUE,NA,2026-09-28T12:56:14Z
55004,TRUE,NA,2026-09-28T12:56:14Z
55007,TRUE,NA,2026-09-28T12:56:14Z
55013,TRUE,NA,2026-09-28T12:56:14Z
55021,TRUE,NA,2026-09-28T12:56:14Z
55026,TRUE,NA,2026-09-28T12:56:14Z
55029,TRUE,NA,2026-09-28T12:56:14Z
56001,TRUE,NA,2026-09-28T12:56:14Z
56002,TRUE,NA,2026-09-28T12:56:14Z
56004,TRUE,NA,2026-09-28T12:56:14Z
56006,TRUE,NA,2026-09-28T12:56:14Z
57005,TRUE,NA,2026-09-28T12:56:14Z
57006,TRUE,NA,2026-09-28T12:56:14Z
57007,TRUE,NA,2026-09-28T12:56:14Z
57009,TRUE,NA,2026-09-28T12:56:14Z
57010,TRUE,NA,2026-09-28T12:56:14Z
57014,TRUE,NA,2026-09-28T12:56:14Z
57015,TRUE,NA,2026-09-28T12:56:14Z
57017,TRUE,NA,2026-09-28T12:56:14Z
58001,TRUE,NA,2026-09-28T12:56:14Z
58002,TRUE,NA,2026-09-28T12:56:14Z
58005,TRUE,NA,2026-09-28T12:56:14Z
58006,TRUE,NA,2026-09-28T12:56:14Z
58007,TRUE,NA,2026-09-28T12:56:14Z
58012,TRUE,NA,2026-09-28T12:56:14Z
59001,TRUE,NA,2026-09-28T12:56:14Z
60001,TRUE,NA,2026-09-28T12:56:14Z
60002,TRUE,NA,2026-09-28T12:56:14Z
60006,TRUE,NA,2026-09-28T12:56:14Z
60013,TRUE,NA,2026-09-28T12:56:14Z
62001,TRUE,NA,2026-09-28T12:56:14Z
63001,TRUE,NA,2026-09-28T12:56:14Z
66006,TRUE,NA,2026-09-28T12:56:14Z
67008,TRUE,NA,2026-09-28T12:56:14Z
67009,TRUE,NA,2026-09-28T12:56:14Z
67015,TRUE,NA,2026-09-28T12:56:14Z
68001,TRUE,NA,2026-09-28T12:56:14Z
68005,TRUE,NA,2026-09-28T12:56:14Z
68018,TRUE,NA,2026-09-28T12:56:14Z
68021,TRUE,NA,2026-09-28T12:56:14Z
69005,TRUE,NA,2026-09-28T12:56:14Z
69008,TRUE,NA,2026-09-28T12:56:14Z
69012,TRUE,NA,2026-09-28T12:56:14Z
69015,TRUE,NA,2026-09-28T12:56:14Z
69017,TRUE,NA,2026-09-28T12:56:14Z
69020,TRUE,NA,2026-09-28T12:56:14Z
69023,TRUE,NA,2026-09-28T12:56:14Z
69024,TRUE,NA,2026-09-28T12:56:14Z
69025,TRUE,NA,2026-09-28T12:56:14Z
69027,TRUE,NA,2026-09-28T12:56:14Z
69028,TRUE,NA,2026-09-28T12:56:14Z
69032,TRUE,NA,2026-09-28T12:56:14Z
69041,TRUE,NA,2026-09-28T12:56:14Z
69043,TRUE,NA,2026-09-28T12:56:14Z
69044,TRUE,NA,2026-09-28T12:56:14Z
69045,TRUE,NA,2026-09-28T12:56:14Z
69047,TRUE,NA,2026-09-28T12:56:14Z
69803,TRUE,NA,2026-09-28T12:56:14Z
70002,TRUE,NA,2026-09-28T12:56:14Z
70004,TRUE,NA,2026-09-28T12:56:14Z
71001,TRUE,NA,2026-09-28T12:56:14Z
71003,TRUE,NA,2026-09-28T12:56:14Z
71004,TRUE,NA,2026-09-28T12:56:14Z
71006,TRUE,NA,2026-09-28T12:56:14Z
71008,TRUE,NA,2026-09-28T12:56:14Z
71009,TRUE,NA,2026-09-28T12:56:14Z
71010,TRUE,NA,2026-09-28T12:56:14Z
71011,TRUE,NA,2026-09-28T12:56:14Z
71013,TRUE,NA,2026-09-28T12:56:14Z
71014,TRUE,NA,2026-09-28T12:56:14Z
72004,TRUE,NA,2026-09-28T12:56:14Z
72005,TRUE,NA,2026-09-28T12:56:14Z
72007,TRUE,NA,2026-09-28T12:56:14Z
72014,TRUE,NA,2026-09-28T12:56:14Z
72015,TRUE,NA,2026-09-28T12:56:14Z
73002,TRUE,NA,2026-09-28T12:56:14Z
73005,TRUE,NA,2026-09-28T12:56:14Z
73008,TRUE,NA,2026-09-28T12:56:14Z
73009,TRUE,NA,2026-09-28T12:56:14Z
73010,TRUE,NA,2026-09-28T12:56:14Z
73011,TRUE,NA,2026-09-28T12:56:14Z
73012,TRUE,NA,2026-09-28T12:56:14Z
73015,TRUE,NA,2026-09-28T12:56:14Z
73017,TRUE,NA,2026-09-28T12:56:14Z
74001,TRUE,NA,2026-09-28T12:56:14Z
75002,TRUE,NA,2026-09-28T12:56:14Z
75003,TRUE,NA,2026-09-28T12:56:14Z
75004,TRUE,NA,2026-09-28T12:56:14Z
75005,TRUE,NA,2026-09-28T12:56:14Z
75009,TRUE,NA,2026-09-28T12:56:14Z
75017,TRUE,NA,2026-09-28T12:56:14Z
76001,TRUE,NA,2026-09-28T12:56:14Z
76003,TRUE,NA,2026-09-28T12:56:14Z
76004,TRUE,NA,2026-09-28T12:56:14Z
76005,TRUE,NA,2026-09-28T12:56:14Z
76007,TRUE,NA,2026-09-28T12:56:14Z
76008,TRUE,NA,2026-09-28T12:56:14Z
76010,TRUE,NA,2026-09-28T12:56:14Z
76011,TRUE,NA,2026-09-28T12:56:14Z
76014,TRUE,NA,2026-09-28T12:56:14Z
76015,TRUE,NA,2026-09-28T12:56:14Z
76017,TRUE,NA,2026-09-28T12:56:14Z
76019,TRUE,NA,2026-09-28T12:56:14Z
76021,TRUE,NA,2026-09-28T12:56:14Z
76022,TRUE,NA,2026-09-28T12:56:14Z
76023,TRUE,NA,2026-09-28T12:56:14Z
78003,TRUE,NA,2026-09-28T12:56:14Z
79004,TRUE,NA,2026-09-28T12:56:14Z
79005,TRUE,NA,2026-09-28T12:56:14Z
79006,TRUE,NA,2026-09-28T12:56:14Z
81002,TRUE,NA,2026-09-28T12:56:14Z
81003,TRUE,NA,2026-09-28T12:56:14Z
83002,TRUE,NA,2026-09-28T12:56:14Z
83005,TRUE,NA,2026-09-28T12:56:14Z
83006,TRUE,NA,2026-09-28T12:56:14Z
83010,TRUE,NA,2026-09-28T12:56:14Z
83013,TRUE,NA,2026-09-28T12:56:14Z
84001,TRUE,NA,2026-09-28T12:56:14Z
84003,TRUE,NA,2026-09-28T12:56:14Z
84004,TRUE,NA,2026-09-28T12:56:14Z
84007,TRUE,NA,2026-09-28T12:56:14Z
84011,TRUE,NA,2026-09-28T12:56:14Z
84012,TRUE,NA,2026-09-28T12:56:14Z
84013,TRUE,NA,2026-09-28T12:56:14Z
84014,TRUE,NA,2026-09-28T12:56:14Z
84017,TRUE,NA,2026-09-28T12:56:14Z
84018,TRUE,NA,2026-09-28T12:56:14Z
84020,TRUE,NA,2026-09-28T12:56:14Z
84035,TRUE,NA,2026-09-28T12:56:14Z
84040,TRUE,NA,2026-09-28T12:56:14Z
85001,TRUE,NA,2026-09-28T12:56:14Z
86002,TRUE,NA,2026-09-28T12:56:14Z
90003,TRUE,NA,2026-09-28T12:56:14Z
91802,TRUE,NA,2026-09-28T12:56:14Z
92002,TRUE,NA,2026-09-28T12:56:14Z
94001,TRUE,NA,2026-09-28T12:56:14Z
95001,TRUE,NA,2026-09-28T12:56:14Z
95004,TRUE,NA,2026-09-28T12:56:14Z
96002,TRUE,NA,2026-09-28T12:56:14Z
97002,TRUE,NA,2026-09-28T12:56:14Z
106002,TRUE,NA,2026-09-28T12:56:14Z
201005,TRUE,NA,2026-09-28T12:56:14Z
202001,TRUE,NA,2026-09-28T12:56:14Z
203010,TRUE,NA,2026-09-28T12:56:14Z
203011,TRUE,NA,2026-09-28T12:56:14Z
203018,TRUE,NA,2026-09-28T12:56:14Z
203019,TRUE,NA,2026-09-28T12:56:14Z
203020,TRUE,NA,2026-09-28T12:56:14Z
203022,TRUE,NA,2026-09-28T12:56:14Z
203024,TRUE,NA,2026-09-28T12:56:14Z
203028,TRUE,NA,2026-09-28T12:56:14Z
203093,TRUE,NA,2026-09-28T12:56:14Z
204001,TRUE,NA,2026-09-28T12:56:14Z
205004,TRUE,NA,2026-09-28T12:56:14Z
205005,TRUE,NA,2026-09-28T12:56:14Z
205008,TRUE,NA,2026-09-28T12:56:14Z
205011,TRUE,NA,2026-09-28T12:56:14Z
205020,TRUE,NA,2026-09-28T12:56:14Z
206001,TRUE,NA,2026-09-28T12:56:14Z
206006,TRUE,NA,2026-09-28T12:56:14Z
236005,TRUE,NA,2026-09-28T12:56:14Z
236007,TRUE,NA,2026-09-28T12:56:14Z
