donor_station_id,AREA,SAAR9120,FARL2015,FPEXT,BFIHOST19scaled,URBEXT2015,Lcv,LSkew,LKurt,QMED,N,SDM,Discordancy,Discordant,subject_station_id,No.NonFlood,PercentNonFlood
53028,99.48,922,1,0.0317,0.733,0.0154,0.175725437815828,-0.106,0.0378,10.7,43,0,1.58,FALSE,53028,5,11.627906976744185
39020,107.3,914,0.9837,0.0291,0.812,0.0077,0.20098918471264746,0.0616,0.132,3.61,61,0.2653,0.354,FALSE,53028,3,4.918032786885246
27095,66.26,917,0.9953,0.0263,0.662,0.0074,0.29238305550423854,0.299,0.277,7.73,24,0.4648,0.337,FALSE,53028,2,8.333333333333332
39028,100.1,864,0.9771,0.0498,0.799,0.0059,0.1991854788922862,0.05438384960043826,0.102,2.16,56,0.4912,1.11,FALSE,53028,9,16.071428571428573
42008,74.34,983,1,0.0403,0.918,0.0118,0.2660036121676597,0.402,0.28,1.37,53,0.5529,1.76,FALSE,53028,1,1.8867924528301887
41023,86.2,1054,0.9997,0.0336,0.915,0.0096,0.4388954371175726,0.3308956855678837,0.155,1.74,47,0.6295,4.53,TRUE,53028,8,17.02127659574468
42006,75.85,990,0.9852,0.0488,0.931,0.0124,0.26308196540211043,0.212,0.211,2.89,65,0.6399,0.0305,FALSE,53028,5,7.6923076923076925
42009,72.06,897,0.9566,0.0392,0.924,0.0057,0.2960793817625084,0.387,0.332,1.06,54,0.6911,0.888,FALSE,53028,3,5.555555555555555
53023,77.73,897,1,0.07,0.725,0.0097,0.23244018711009784,0.133,0.137,7.4,48,0.7011,0.148,FALSE,53028,5,10.416666666666668
43012,114,1017,0.9808,0.0592,0.877,0.0294,0.18342295934257857,0.0436,0.0678,4.64,53,0.7068,0.921,FALSE,53028,1,1.8867924528301887
20005,92.6,858,0.9948,0.0297,0.542,0.0048,0.303933333335345,0.222,0.188,18.2,44,0.7259,0.184,FALSE,53028,5,11.363636363636363
51001,74.23,1009,0.9898,0.0382,0.559,0.0155,0.31410409759064284,0.352,0.317,13.1,56,0.7479,0.709,FALSE,53028,5,8.928571428571429
7010,80.68,881,0.9863,0.0651,0.597,5e-4,0.2190701727630463,0.153,0.12,17.7,19,0.7722,0.671,FALSE,53028,1,5.263157894736842
21016,118.9,837,1,0.0356,0.544,0.0088,0.2592730389673667,0.2966903690761941,0.218,40.3,57,0.7831,0.504,FALSE,53028,9,15.789473684210526
43014,85.83,830,0.9985,0.07,0.788,0.015,0.21606670566865194,0.0802,0.112,3.84,54,0.8018,0.271,FALSE,53028,5,9.25925925925926
44003,48.52,1003,1,0.0249,0.629,0.0171,0.22646780257578614,0.17,0.295,12.4,14,0.8493,2.11,FALSE,53028,1,7.142857142857142
44011,48.52,1003,1,0.0249,0.629,0.0171,0.21837966676950807,0.136,0.0824,16.6,29,0.8493,1.31,FALSE,53028,1,3.4482758620689653
67009,81.6,1020,0.98740000000000006,0.0328,0.527,0.0063,0.29117300614319264,0.359,0.295,8.78,68,0.8541,0.579,FALSE,53028,4,5.88235294117647
