RP,Q,GF,FSE,station_id,Lower95,Upper95,chosen_distribution,QMED_observed,UAF,QMED_rural,URBEXT2015
2,27.9,1,1.0456,55013,25.57,30.45,GEV,27.9,1.0102,27.618,0.0068
5,38.5,1.38,1.0461,55013,35.24,42.06,GEV,27.9,1.0102,27.618,0.0068
10,46.2,1.66,1.0486,55013,42.1,50.7,GEV,27.9,1.0102,27.618,0.0068
20,54.1,1.94,1.0531,55013,48.88,59.87,GEV,27.9,1.0102,27.618,0.0068
30,58.9,2.11,1.0566,55013,52.88,65.61,GEV,27.9,1.0102,27.618,0.0068
50,65.2,2.34,1.0622,55013,57.93,73.39,GEV,27.9,1.0102,27.618,0.0068
75,70.4,2.52,1.0673,55013,61.96,79.99,GEV,27.9,1.0102,27.618,0.0068
100,74.2,2.66,1.0713,55013,64.83,84.92,GEV,27.9,1.0102,27.618,0.0068
200,83.8,3,1.0822,55013,71.78,97.83,GEV,27.9,1.0102,27.618,0.0068
500,97.5,3.49,1.0988,55013,81.06,117.27,GEV,27.9,1.0102,27.618,0.0068
1000,109,3.89,1.1128,55013,88.4,134.4,GEV,27.9,1.0102,27.618,0.0068
