GEV,GenLog,Gumbel,Kappa3,station_id
-1.3,-3.23,-0.974,-3.07,2001
-0.772,-2.72,-0.311,-2.56,2002
0.301,-1.75,0.677,-1.57,3002
-0.033,-1.96,0.581,-1.84,3003
1.67,-0.311,3.35,-0.128,3004
0.596,-1.36,1.71,-1.04,4005
1.4,-0.4,3.25,-0.33,4006
0.763,-0.943,2.49,-0.846,6007
0.952,-1.12,1.58,-0.969,6012
0.366,-2.09,-0.0853,-1.9,7001
-0.239,-1.96,0.924,-1.75,7002
-1.84,-3.1,-0.415,-3.01,7003
-0.902,-2.2,0.862,-2.22,7004
-0.866,-2.7,-0.239,-2.48,7005
-0.554,-2.02,0.887,-2.12,7009
0.967,-1.11,1.88,-0.899,7010
0.641,-0.793,2.83,-0.91,7011
-0.23,-1.81,1.18,-1.74,7012
1.35,-0.241,4.19,-0.0093,8004
-1.32,-2.66,0.182,-2.72,8005
-0.606,-2.61,-0.285,-2.58,8006
-1.31,-2.97,-0.755,-3.08,8009
-0.375,-2.41,0.214,-2.12,8010
-0.879,-2.34,0.238,-2.6,8011
0.72,-1.11,1.65,-1.01,8013
0.0259,-1.06,3.2,-1.1,9001
-1.04,-2.96,-0.423,-2.72,9003
-1.21,-2.58,0.309,-2.55,9004
0.432,-1.44,1.5,-1.23,9005
-0.743,-2.36,-0.0195,-2.48,9006
-0.469,-2.24,0.475,-2.04,9010
-0.0438,-1.69,1.46,-1.64,10001
-1.31,-2.76,-0.284,-2.84,10002
-0.48,-2.13,0.566,-2.33,10003
0.0809,-1.68,1.25,-1.73,11001
-0.507,-1.77,2.18,-1.78,11002
-0.0568,-1.16,3.36,-1.08,11003
0.0515,-1.49,1.98,-1.35,12001
0.0213,-1.98,0.431,-1.74,12002
1.06,-0.375,4.7,-0.164,12003
0.654,-0.706,3.17,-0.747,12005
-0.693,-2.51,-0.199,-2.49,12006
0.218,-2.38,-0.25,-2.1,12007
-0.271,-2.4,0.0461,-2.14,12008
1.18,-0.921,1.96,-0.744,13012
-0.393,-2.09,0.877,-1.95,14001
-0.549,-2.68,-0.128,-2.24,15003
-1.23,-2.97,-0.432,-2.67,15006
0.976,-1.15,2.19,-0.846,15007
0.121,-1.41,2.33,-1.36,15008
0.286,-1.59,1.31,-1.49,15011
0.616,-1.25,1.77,-1.27,15013
2.56,0.768,5.88,1.17,15016
0.513,-1.35,1.74,-1.11,15023
1.31,-0.375,4.32,-0.196,15025
0.0159,-1.8,1.17,-1.58,16001
-0.446,-1.85,1.73,-1.84,16004
1.73,1.75e-4,4.24,0.166,17001
1.64,-0.248,2.84,-0.0714,17003
-0.489,-1.92,1.75,-1.94,17004
2.26,0.383,4.27,0.684,18003
1.58,0.134,5.08,0.204,18008
1.15,-0.792,2.47,-0.663,18014
-0.182,-2.34,0.0241,-2.05,19001
-1.27,-3.13,-0.862,-3.22,19005
-0.0175,-1.46,1.74,-1.52,19006
-1.41,-2.59,0.433,-2.6,19007
1.37,-0.669,2.89,-0.438,19008
0.101,-1.45,1.84,-1.41,19014
-0.273,-1.82,1.05,-1.9,19017
-0.623,-2.27,0.675,-2.22,19021
-0.293,-1.83,0.946,-1.94,20001
-1.15,-2.46,0.367,-2.37,20003
0.554,-1.55,1.38,-1.34,20005
-0.476,-1.86,1.03,-1.99,20006
0.0881,-1.59,1.25,-1.63,20007
0.67,-0.451,4.92,-0.352,21003
-0.919,-2.49,0.431,-2.37,21006
0.236,-2.03,0.683,-1.64,21007
-0.783,-2.49,0.115,-2.26,21008
-0.0855,-2.81,-0.629,-2.37,21012
-1.75,-3.37,-1.33,-3.39,21013
0.717,-1.09,1.91,-1.01,21014
0.599,-1.3,1.91,-1.12,21016
0.619,-1.99,0.265,-1.53,21017
1.63,0.0278,4.2,-0.0229,21020
0.063,-2.24,-6.57e-4,-1.99,21021
-1.31,-2.85,-0.422,-3.08,21024
-0.785,-2.55,0.257,-2.3,21025
0.955,-1.51,1.03,-1.22,21026
-0.443,-1.83,1.38,-1.93,21027
0.563,-1.92,0.154,-1.54,21030
-0.737,-1.99,1.26,-2.1,21031
-1.18,-2.78,-0.299,-2.77,21032
-0.866,-2.25,0.7,-2.28,21035
-1.19,-2.61,-0.0657,-2.67,21036
-0.843,-2.38,0.224,-2.63,22001
1.48,-0.52,2.63,-0.333,22006
-1.41,-2.94,-0.0085,-2.9,22007
-2.57,-4.37,-2.53,-4.24,22009
-1.23,-3.39,-1.5,-2.99,23001
-1.13,-3.02,-0.727,-3.08,23002
-1.38,-3.53,-1.37,-3.28,23003
-0.792,-2.73,-0.493,-2.68,23004
0.194,-1.92,0.417,-1.75,23005
-0.211,-2.4,-0.471,-2.37,23006
-0.147,-1.5,1.74,-1.69,23007
-1.45,-3.37,-1.48,-3.31,23008
0.778,-1.61,0.867,-1.3,23011
-0.192,-2.14,0.333,-2.05,23017
-0.00805,-2.49,-0.585,-2.32,23018
-1.38,-3.15,-0.827,-2.98,24001
0.738,-1.34,1.3,-1.19,24003
-0.288,-2.11,0.218,-2.28,24004
-1.56,-2.89,0.395,-2.91,24005
0.903,-1.43,0.946,-1.23,24006
0.0627,-1.76,0.841,-1.76,24007
-0.394,-2.45,-0.278,-2.27,24008
-0.872,-2.95,-0.504,-2.88,24009
1.61,-0.311,2.53,-0.22,25003
2.01,0.0333,4.05,0.306,25004
1.98,0.141,4.1,0.401,25005
-0.663,-2.89,-0.67,-2.67,25006
-1.23,-3.08,-1.12,-2.98,25008
-1.7,-4.37,-2.69,-3.87,25009
1.5,-0.536,2.46,-0.358,25011
1.67,-0.637,2.39,-0.368,25012
0.524,-1.59,1.23,-1.2,25018
-1.81,-3.22,-1.08,-3.7,25019
2.89,0.716,4.95,0.915,25020
2.3,0.342,4.19,0.535,25021
2.11,0.22,4.42,0.458,25029
0.896,-2.03,-0.152,-1.67,26003
1,-1.79,0.148,-1.34,26009
1.1,-1.74,0.0239,-1.45,26013
1.12,-1.07,1.61,-0.855,26014
1.34,-1.27,1.28,-0.814,26015
-0.113,-2.05,0.54,-1.96,26016
-0.704,-2.34,0.599,-2.36,27001
-1.32,-2.71,0.104,-2.75,27002
-3,-4.42,-2.64,-4.39,27006
-0.517,-1.88,1.39,-1.75,27007
-0.906,-3.63,-1.84,-3.19,27009
0.778,-1.02,2.18,-0.917,27010
-0.216,-2.27,0.237,-1.94,27021
-1.33,-2.72,-0.176,-2.72,27022
0.834,-1.07,1.92,-0.915,27023
-1.04,-2.37,0.872,-2.36,27026
1.07,-1.72,0.587,-1.21,27027
-0.258,-1.71,2.37,-1.5,27028
0.524,-1.33,1.94,-1.2,27029
-1.35,-2.74,0.291,-2.67,27031
1.88,-0.393,2.61,-0.104,27032
0.67,-1.95,0.364,-1.54,27034
-0.927,-2.83,-0.607,-2.72,27035
1.76,-0.704,2.2,-0.426,27040
-1.05,-3.31,-1.45,-2.98,27041
0.932,-1.67,0.427,-1.44,27043
-1.45,-2.93,0.0701,-2.64,27049
-0.171,-1.55,1.77,-1.7,27051
-1.12,-2.72,0.0634,-2.69,27053
-0.945,-2.33,0.911,-2.41,27055
-0.602,-1.97,1.58,-1.92,27059
-0.69,-2.61,-0.317,-2.56,27062
-0.479,-2.92,-1.11,-2.54,27071
-1.37,-3.09,-1.05,-3.21,27073
-0.864,-2.16,0.997,-2.28,27079
-1.17,-2.77,-0.266,-2.78,27080
0.483,-1.5,1.2,-1.27,27081
2.22,-0.729,2.05,-0.161,27083
-1.53,-2.76,0.246,-2.87,27086
1.04,-0.785,2.65,-0.742,27088
-1.14,-2.39,1.07,-2.38,27089
0.112,-2.38,-0.147,-1.94,27090
-1.04,-2.93,-0.172,-2.56,27092
1.39,-0.487,3.28,-0.38,27095
1.68,-0.587,2.31,-0.213,27096
0.104,-1.06,3.48,-1.1,27098
-1.07,-3.35,-1.51,-2.75,27099
1.44,-0.38,3.96,-0.293,28003
-1.94,-4.7,-2.71,-4.28,28007
-0.789,-3.77,-1.88,-3.07,28009
3.02,0.122,2.92,0.59,28015
-0.651,-2.46,0.788,-2.07,28018
-0.594,-3.18,-1.27,-2.81,28019
0.533,-2.5,-0.476,-1.88,28022
0.588,-1.27,2.07,-0.996,28023
1.94,-0.107,3.56,0.249,28024
0.891,-0.585,3.75,-0.499,28026
1.54,0.0623,5.12,0.196,28027
0.836,-0.734,2.54,-0.809,28033
1.66,-1.71,0.0913,-1.07,28035
-0.532,-2.12,0.908,-1.95,28039
-0.0577,-1.28,2.86,-1.28,28040
0.837,-1.23,1.42,-1.1,28041
-1.16,-3.02,-0.604,-2.9,28043
-0.287,-3.48,-1.76,-2.92,28049
1.27,-0.207,4.38,-0.0372,28053
1.3,-0.882,2.29,-0.607,28056
-0.206,-1.82,1.34,-1.76,28058
0.0802,-1.45,2.19,-1.39,28061
0.476,-1.25,2.06,-1.16,28080
2.61,0.0866,3.58,0.498,28082
-0.25,-1.82,2.15,-1.6,28085
2.06,-0.285,2.82,0.0954,28086
3.35,0.16,2.89,0.798,28091
1.01,-1.32,1.3,-1,28095
0.89,-2.03,-0.00422,-1.39,30003
1.23,-1.1,1.56,-0.812,30004
-0.0794,-3.4,-1.58,-2.75,30006
1.63,-1.21,1.26,-0.633,30013
0.46,-1.16,2.55,-1.04,31004
1.46,-0.724,2.2,-0.431,31005
0.852,-1.37,1.39,-1.1,32010
0.964,-0.0614,5.23,-0.0565,33005
1.43,-1.84,-0.0753,-1.23,33007
0.186,-2.67,-0.962,-2.31,33011
3.13,-0.237,2.07,0.357,33014
1.7,-1.22,0.74,-0.652,33019
2.25,-0.942,1.38,-0.304,33029
2.08,-0.574,2.27,-0.141,33031
-0.731,-3.52,-1.8,-3.04,33032
2.85,0.313,3.2,0.604,33034
0.0285,-2.82,-1.29,-2.32,33050
2.15,-1.04,1.13,-0.466,33051
-0.164,-3.02,-1.1,-2.55,33054
1.49,-1.44,1.03,-0.919,34005
-0.437,-3.75,-1.84,-3.08,34012
2.3,-0.27,2.99,0.283,35008
1.13,-1.79,-0.0155,-1.26,36003
1.69,-0.958,1.44,-0.375,36004
1.3,-1.56,0.416,-1.16,36007
3.29,0.329,3.49,1.02,36008
1.61,-1.01,1.26,-0.554,36010
1.8,-1.24,0.952,-0.58,36011
3,0.0499,2.88,0.662,37005
0.548,-1.66,1.34,-1.41,37007
3.37,0.0823,3,0.648,37008
0.993,-1.82,0.308,-1.29,37009
3.79,1.05,4.7,1.4,37010
2.29,-0.39,2.35,0.184,37014
1.1,-1.56,0.602,-1.15,37016
3.13,0.287,3.06,0.939,37020
1.76,-0.437,2.48,-0.207,38002
1.61,-1.14,1.42,-0.699,38003
1.35,-1.54,0.851,-0.916,38004
1.69,-0.541,2.54,-0.232,38020
0.75,-1.84,0.587,-1.34,38022
-0.419,-3.44,-1.57,-2.89,39001
-0.788,-3.34,-1.37,-2.92,39002
1.25,-1.88,0.105,-1.39,39005
0.293,-1.99,0.965,-1.54,39006
3.51,0.094,2.74,0.725,39007
2.02,-1.19,1.06,-0.637,39014
0.143,-1.86,0.472,-1.71,39016
1.26,-1.69,0.444,-1.28,39019
1.28,-0.945,1.93,-0.718,39020
2.19,0.0798,3.58,0.399,39021
0.197,-2.36,0.121,-1.93,39022
1.12,-1.62,0.804,-1.15,39023
-1.51,-3.12,-0.474,-3.14,39025
1.51,-0.994,1.47,-0.677,39028
0.841,-1.36,1.27,-1.14,39033
0.436,-1.81,0.592,-1.49,39034
2.17,-0.788,1.64,-0.321,39035
1.03,-1.79,-0.0152,-1.4,39042
0.0936,-2.04,0.331,-1.87,39055
-0.639,-2.23,0.497,-2.25,39086
1.98,-0.921,1.4,-0.522,39088
0.716,-2.06,0.0399,-1.69,39089
1.21,-0.867,2.45,-0.628,39104
0.115,-2.03,0.564,-1.86,40003
2.99,0.738,4.41,1.1,40005
-1.18,-2.43,0.997,-2.47,40007
2.48,-1.08,0.99,-0.29,40008
0.42,-1,2.88,-0.975,40009
1.07,0.121,6.52,0.0491,40010
1.35,-1.29,1.3,-0.852,40011
3,0.422,4.12,0.952,40012
2.43,-0.342,2.17,0.0802,40018
-0.676,-2.09,1.01,-2.08,41005
0.137,-1.64,0.905,-1.68,41020
0.36,-1.22,2.25,-1.25,41022
0.99,-1.17,1.63,-0.93,41023
1.06,-1.3,1.57,-1.03,42001
-0.265,-1.27,2.92,-1.43,42003
1.56,-0.881,1.87,-0.545,42006
1.41,-0.895,1.73,-0.69,42007
1.54,-0.859,1.79,-0.512,42008
1.78,-0.373,2.61,-0.137,42009
0.515,-1.81,1,-1.44,42010
0.612,-2.46,-0.393,-1.88,42012
0.197,-1.74,0.821,-1.47,43003
0.395,-2.07,0.288,-1.69,43005
-0.73,-3.33,-1.68,-2.98,43006
-1.31,-3.44,-1.39,-3.28,43007
0.294,-1.71,1.01,-1.64,43008
1.16,-1.34,1.17,-1.02,43009
0.863,-1.16,1.45,-1.13,43012
1.11,-1.88,-0.0486,-1.29,43014
0.295,-2.12,0.147,-1.87,43018
0.488,-1.54,1.21,-1.42,43029
0.136,-1.61,1.42,-1.49,44003
-0.348,-1.88,0.999,-2.06,44008
0.301,-1.42,1.46,-1.34,44011
0.332,-1.19,2.09,-1.2,44013
0.715,-0.499,4.12,-0.563,45001
1.37,-0.59,2.56,-0.338,45002
-1.8,-3.08,-0.139,-2.81,45003
0.122,-1.13,3.46,-1.04,45007
0.256,-1.19,2.57,-1.05,45008
0.632,-1.04,1.95,-0.991,45009
-1.67,-3.01,-0.591,-3.02,45012
-0.238,-1.82,1.1,-1.86,45816
0.677,-1.33,1.75,-1.17,46003
1.89,-0.583,1.98,-0.289,46005
1.16,-1.39,1.26,-1.03,46006
0.468,-2.11,0.00506,-1.66,46007
0.765,-1.24,1.57,-1.13,46008
0.11,-1.61,1.03,-1.55,46013
-0.819,-2,1.28,-2.19,46014
1.48,0.0613,5.66,0.232,47001
0.241,-1.7,1.3,-1.57,47004
0.126,-1.54,1.36,-1.38,47005
-0.189,-1.7,1.43,-1.74,47006
-0.115,-1.49,1.72,-1.67,47008
0.581,-1.3,1.61,-1.17,47009
0.555,-1.3,2.06,-1.15,47014
0.776,-1.17,2.08,-1.03,47020
0.0994,-1.6,1.23,-1.63,47021
1.18,-0.561,2.91,-0.602,47022
0.899,-1.29,1.32,-1.21,47023
0.634,-1.59,0.998,-1.33,47024
0.981,-1.24,1.39,-1.04,48001
1.05,-0.402,4.09,-0.358,48003
1.2,-0.769,2.02,-0.748,48004
0.4,-1.71,0.942,-1.55,48007
1.1,-1.02,1.51,-0.919,48009
-0.02,-1.53,1.62,-1.63,48011
0.648,-1.03,2.6,-0.841,48012
-0.45,-1.96,1.31,-1.85,49001
-0.023,-1.67,1.45,-1.67,49002
0.975,-0.935,2.37,-0.756,49003
-0.263,-2,0.49,-2.03,49004
-0.186,-2.09,0.732,-1.9,49005
0.969,-0.0599,5.17,-0.00885,50001
0.226,-1.02,3.38,-0.981,50002
0.203,-1.41,1.72,-1.24,50006
0.22,-1.86,0.96,-1.6,51001
0.359,-1.62,1.1,-1.55,51003
-0.564,-1.62,2.44,-1.7,52004
-1.39,-2.73,0.0871,-2.79,52005
0.928,-1.34,1.52,-1.05,52009
-0.752,-2.22,0.815,-2.15,52010
1.17,-0.691,2.67,-0.45,53004
-0.458,-1.73,2.24,-1.74,53006
-1.39,-2.85,-0.0479,-2.87,53007
-0.662,-2.43,0.469,-2.16,53008
0.471,-1.48,1.64,-1.27,53009
-0.189,-2.36,-0.12,-2.32,53013
-0.46,-2.05,0.668,-2.18,53017
-1.07,-3.4,-1.22,-3.1,53018
1.28,-1.07,1.56,-0.803,53023
0.0378,-1.49,2.18,-1.39,53026
1.62,-0.405,2.66,-0.234,53028
1.53,-1.07,1.59,-0.759,53029
-0.655,-3.19,-1.27,-2.63,54001
-0.265,-2.75,-0.618,-2.4,54002
2.39,0.319,4.58,0.705,54004
-0.413,-2.59,-0.496,-2.48,54005
0.248,-1.6,1.21,-1.68,54008
1.4,-0.875,2.43,-0.487,54011
2.08,-0.0955,3.67,0.198,54012
0.458,-0.961,3.22,-0.754,54014
2.49,-0.714,1.29,-0.163,54016
2.74,-0.38,1.88,0.239,54020
1.62,-0.386,3.01,-0.169,54022
0.954,-1.46,1.11,-1.05,54024
0.68,-1.64,0.645,-1.51,54025
-0.598,-2.67,-0.183,-2.45,54027
0.542,-0.631,4.55,-0.539,54028
-0.411,-2.45,0.0334,-2.19,54029
0.0332,-2.1,0.873,-1.58,54036
-0.184,-2.11,0.472,-1.98,54038
2.54,-0.33,1.95,0.078,54040
1.93,-0.829,1.65,-0.336,54041
-0.218,-2.67,-0.467,-2.27,54057
0.322,-1.66,1.25,-1.44,54080
0.388,-1.49,1.77,-1.3,54114
0.563,-1.58,1.25,-1.38,54906
-0.498,-2.59,-0.0852,-2.21,55002
0.783,-1.84,0.31,-1.4,55004
-0.223,-1.8,1.64,-1.75,55007
0.197,-1.12,2.64,-1.15,55013
-1.22,-2.79,-0.0498,-2.81,55021
1.61,-0.461,2.48,-0.335,55026
-1.59,-2.91,-0.115,-2.8,55029
0.554,-0.66,4.01,-0.624,56001
-0.193,-2.01,0.892,-1.9,56002
0.966,-0.639,3.45,-0.436,56004
0.875,-1.06,1.77,-0.991,56006
1.34,-1.32,1.21,-0.888,57005
0.181,-2.19,0.00141,-2.04,57006
1.91,2.37e-4,3.98,0.206,57007
0.475,-0.991,3.12,-0.859,57009
1.4,-1.09,1.56,-0.772,57010
0.655,-1.73,0.911,-1.47,57014
1.8,0.295,4.88,0.302,57015
1.68,-0.644,2.36,-0.449,57017
1.47,-0.958,1.81,-0.737,58001
0.847,-1.21,1.52,-1.08,58002
0.00952,-2.54,-0.478,-2.2,58005
0.819,-1.65,0.809,-1.4,58006
1.35,-1.27,1.03,-0.922,58007
0.519,-2.13,-0.0153,-1.88,58012
2.12,-0.144,3.19,0.185,59001
0.0731,-1.35,3.05,-1.19,60001
0.954,-1.06,1.9,-0.867,60002
1.03,-1.15,1.8,-0.937,60006
0.718,-1.26,1.73,-1.01,60013
0.98,-0.121,5.75,0.0336,62001
0.557,-1.22,1.87,-1.11,63001
-0.0687,-1.92,0.736,-1.81,66006
-0.823,-2.17,1.24,-2.06,67008
0.15,-1.59,1.05,-1.73,67009
-1.35,-2.84,-0.201,-2.67,67015
1.29,-0.52,3.24,-0.373,68001
1.74,-0.999,1.64,-0.508,68005
-0.523,-2.12,1.06,-2.05,68018
0.123,-2.11,0.197,-1.91,68021
2.24,-0.23,2.8,1.84e-4,69005
0.219,-1.08,3.33,-1.12,69008
-0.504,-1.58,2.86,-1.63,69012
1.57,0.0801,4.66,0.062,69015
-0.523,-2.18,0.583,-2.34,69017
0.701,-0.753,3.29,-0.695,69020
0.581,-0.867,3.38,-0.746,69023
0.721,-1.07,2.44,-1.07,69024
-0.182,-1.83,1.3,-1.8,69025
-1.22,-2.66,-0.0626,-2.78,69027
-1.8,-3.76,-1.41,-3.4,69028
1.77,-0.788,2.1,-0.325,69032
-0.0356,-1.7,1.13,-1.81,69041
0.0909,-1.28,2.68,-1.26,69043
0.882,-0.83,2.88,-0.692,69044
-1.12,-2.46,0.47,-2.55,69045
0.61,-1.12,2.25,-1.16,69047
0.771,-0.703,3.77,-0.609,69803
1.39,-0.977,1.89,-0.602,70002
0.0196,-1.09,3.54,-1.21,70004
-1.06,-2.48,0.471,-2.39,71001
1.73,-0.385,3.08,-0.166,71003
-0.19,-2.06,0.572,-1.87,71004
0.999,-1.45,1.01,-1.06,71006
0.535,-1.69,0.694,-1.65,71008
-1.11,-2.64,0.748,-2.41,71009
-0.264,-2.05,0.985,-2.1,71010
2.3,-0.00921,3.19,0.32,71011
1.41,-0.869,1.95,-0.679,71013
0.394,-1.38,1.82,-1.33,71014
0.333,-0.903,3.01,-0.905,72004
0.828,-1.19,1.4,-0.987,72005
1.19,-1.2,1.35,-0.985,72007
0.167,-1.63,1.25,-1.61,72014
-0.187,-1.86,0.563,-1.79,72015
1.76,-0.0362,4.06,0.148,73002
0.88,-0.939,2.02,-0.861,73005
1.51,-0.163,4.03,-0.0905,73008
1.15,-1.26,1.44,-1,73009
1.73,0.265,4.66,0.328,73010
1.53,-0.705,2.22,-0.435,73011
0.788,-1.19,1.92,-0.976,73012
0.265,-1.35,1.68,-1.34,73015
0.961,-1.55,0.965,-1.15,73017
0.997,-1.57,0.608,-1.27,74001
1.49,-0.679,2.55,-0.38,75002
2.97,1.08,5.76,1.26,75003
1.65,0.198,5.24,0.212,75004
2.54,1.06,6.8,1.05,75005
0.884,-0.824,2.46,-0.681,75009
0.863,-0.749,2.93,-0.709,75017
2.02,0.0134,3.68,0.212,76001
1.31,-0.733,2.06,-0.519,76003
1.88,0.329,4.81,0.407,76004
0.601,-0.472,4.73,-0.418,76005
-0.512,-2.32,0.321,-2.33,76007
-1.1,-3.03,-0.764,-2.98,76008
-1.66,-3.29,-0.919,-3.22,76010
1.05,-0.593,3.26,-0.515,76011
0.713,-1.87,0.344,-1.55,76014
1.8,-0.0127,4.03,0.217,76015
-0.0247,-1.37,1.96,-1.43,76017
0.335,-0.859,3.75,-0.849,76019
-0.118,-1.93,0.653,-1.83,76021
-0.15,-2.5,-0.409,-2.03,76022
1.05,-1.17,1.45,-1.04,76023
0.0583,-1.08,3.9,-0.859,78003
-0.261,-2.25,0.213,-2.17,79004
0.575,-1.33,1.81,-1.15,79005
0.535,-2.12,-0.0976,-1.73,79006
0.184,-1.82,0.598,-1.65,81002
0.752,-1.38,1.66,-1.02,81003
1.04,-1.35,1.07,-0.988,83002
-0.181,-2.53,-0.329,-2.32,83005
-0.0125,-2.32,0.142,-2.07,83006
1.34,-0.899,1.76,-0.762,83010
-0.0656,-2.39,-0.145,-2.26,83013
1.63,-0.904,1.8,-0.548,84001
-1.32,-2.7,0.245,-2.52,84003
-0.48,-1.87,1.39,-1.94,84004
-0.249,-1.91,1.15,-2,84007
0.248,-1.63,0.925,-1.75,84011
0.776,-1.23,2.38,-1.12,84012
-0.632,-2.61,-0.145,-2.43,84013
0.158,-1.93,0.366,-1.68,84014
1.6,0.00967,4.22,0.0201,84017
-1.21,-2.39,0.708,-2.5,84018
0.625,-1.57,0.888,-1.5,84020
1.74,-0.261,3.14,-0.192,84035
0.691,-1.28,1.84,-1.13,84040
2.05,0.216,4.39,0.526,85001
1.86,0.292,5.07,0.383,86002
1.37,-1.22,0.856,-0.929,90003
1.77,-0.0928,3.44,0.0624,91802
1.86,-0.349,3,-0.0824,92002
1.71,-0.00329,3.93,0.207,94001
1.97,0.283,4.57,0.465,95001
1.27,-0.712,2.36,-0.596,95004
1.42,-0.288,3.47,-0.163,96002
-1.13,-2.64,-0.158,-2.55,97002
1.32,-0.537,2.77,-0.44,106002
-0.892,-3.11,-1.16,-2.87,201005
-1.35,-3.82,-1.77,-3.13,202001
0.638,-1.66,0.763,-1.25,203010
1.26,-0.973,1.98,-0.696,203011
-0.659,-2.87,-1.1,-3.02,203018
2.67,0.256,3.64,0.612,203019
1.09,-1.22,1.21,-1.05,203020
-0.154,-2.29,0.138,-2.13,203022
-1.99,-3.64,-1.34,-3.73,203024
1.21,-1.1,1.6,-0.816,203028
1.18,-0.675,3.03,-0.39,203093
1.03,-1.17,1.57,-0.849,204001
0.29,-1.74,1.28,-1.61,205004
-0.853,-2.19,0.78,-2.35,205005
-0.651,-2.55,0.0409,-2.22,205008
-1.19,-2.66,0.234,-2.75,205011
-0.241,-1.45,2.6,-1.44,205020
0.121,-1.29,2.66,-1.2,206001
1.36,-0.744,2.16,-0.54,206006
0.246,-2.22,-0.188,-1.93,236005
1.84,-0.313,3.08,0.0134,236007
